{
    "loss": 0.5282883048057556,
    "accuracy": 0.9215686321258545
}