{
    "loss": 0.3368566930294037,
    "accuracy": 0.8627451062202454
}