{
    "loss": 0.026270674541592598,
    "accuracy": 0.9901960492134094
}