{
    "loss": 0.045453865081071854,
    "accuracy": 0.9803921580314636
}